scan_date,final_score,technical_score,sector_adjusted_fundamental_score,relative_strength_score,risk_penalty
2023-09-04,26.08,42.0,27.0,10.0,4.0
2023-09-05,26.64,45.0,27.0,10.0,4.0
2023-09-06,31.22,55.0,27.0,18.0,4.0
2023-09-07,29.31,55.0,27.0,10.0,4.0
2023-09-08,24.84,37.0,27.0,10.0,4.0
2023-09-11,22.24,27.0,27.0,10.0,4.0
2023-09-12,21.47,27.0,27.0,10.0,4.0
2023-09-13,5.85,8.0,27.0,10.0,15.0
2023-09-14,26.45,37.0,27.0,18.0,4.0
2023-09-15,18.71,27.0,27.0,10.0,7.0
2023-09-18,18.7,27.0,27.0,10.0,7.0
2023-09-20,5.83,8.0,27.0,10.0,15.0
2023-09-21,6.77,13.0,27.0,10.0,15.0
2023-09-22,9.84,13.0,27.0,10.0,12.0
2023-09-25,5.54,8.0,27.0,10.0,15.0
2023-09-26,5.39,8.0,27.0,10.0,15.0
2023-09-27,8.6,8.0,27.0,10.0,12.0
2023-09-28,6.46,13.0,27.0,10.0,15.0
2023-09-29,18.06,13.0,27.0,43.0,12.0
2023-10-03,35.19,50.0,27.0,43.0,4.0
2023-10-04,30.54,40.0,27.0,35.0,4.0
2023-10-05,41.53,75.0,27.0,43.0,4.0
2023-10-06,32.75,65.0,27.0,18.0,4.0
2023-10-09,30.15,65.0,27.0,10.0,4.0
2023-10-10,35.08,75.0,27.0,18.0,4.0
2023-10-11,51.51,62.0,27.0,95.0,4.0
2023-10-12,49.21,52.0,27.0,95.0,4.0
2023-10-13,47.97,47.0,27.0,95.0,4.0
2023-10-16,47.74,47.0,27.0,95.0,4.0
2023-10-17,50.32,72.0,27.0,80.0,4.0
2023-10-18,55.17,72.0,27.0,100.0,4.0
2023-10-19,49.02,47.0,27.0,100.0,4.0
2023-10-20,45.77,60.0,27.0,95.0,9.0
2023-10-23,35.8,50.0,27.0,70.0,9.0
2023-10-25,46.32,60.0,27.0,95.0,7.0
2023-10-26,41.28,50.0,27.0,85.0,7.0
2023-10-27,42.84,55.0,27.0,85.0,7.0
2023-10-30,41.53,50.0,27.0,85.0,7.0
2023-10-31,42.8,55.0,27.0,85.0,7.0
2023-11-01,41.34,50.0,27.0,85.0,7.0
2023-11-02,41.77,50.0,27.0,85.0,7.0
2023-11-03,47.06,60.0,27.0,95.0,7.0
2023-11-06,46.17,55.0,27.0,95.0,7.0
2023-11-07,42.51,50.0,27.0,85.0,7.0
2023-11-08,39.06,50.0,27.0,70.0,7.0
2023-11-09,27.84,42.0,27.0,35.0,7.0
2023-11-10,23.08,38.0,27.0,20.0,7.0
2023-11-13,24.59,43.0,27.0,20.0,7.0
2023-11-15,23.34,38.0,27.0,20.0,7.0
2023-11-16,25.64,47.0,27.0,20.0,7.0
2023-11-17,32.59,60.0,27.0,35.0,7.0
2023-11-20,39.11,60.0,27.0,50.0,4.0
2023-11-21,30.07,50.0,27.0,35.0,7.0
2023-11-22,40.78,55.0,27.0,60.0,4.0
2023-11-23,33.01,50.0,27.0,45.0,7.0
2023-11-24,32.94,50.0,27.0,45.0,7.0
2023-11-28,30.46,50.0,27.0,35.0,7.0
2023-11-29,38.41,60.0,27.0,45.0,4.0
2023-11-30,33.14,50.0,27.0,45.0,7.0
2023-12-01,28.67,42.0,27.0,35.0,7.0
2023-12-04,34.23,42.0,27.0,45.0,4.0
2023-12-05,26.88,23.0,27.0,35.0,4.0
2023-12-06,24.66,28.0,27.0,20.0,4.0
2023-12-07,33.11,62.0,27.0,20.0,4.0
2023-12-08,21.21,27.0,27.0,20.0,7.0
2023-12-11,24.51,27.0,27.0,20.0,4.0
2023-12-12,40.92,60.0,27.0,53.0,4.0
2023-12-13,32.63,27.0,27.0,53.0,4.0
2023-12-14,36.6,42.0,27.0,53.0,4.0
2023-12-15,47.44,75.0,27.0,63.0,4.0
2023-12-18,47.46,75.0,27.0,63.0,4.0
2023-12-19,49.98,85.0,27.0,63.0,4.0
2023-12-20,48.42,75.0,27.0,70.0,4.0
2023-12-21,49.49,67.0,27.0,80.0,4.0
2023-12-22,45.51,60.0,27.0,70.0,4.0
2023-12-26,46.89,65.0,27.0,70.0,4.0
2023-12-27,45.53,60.0,27.0,70.0,4.0
2023-12-28,54.17,85.0,27.0,80.0,4.0
2023-12-29,51.06,72.0,27.0,80.0,4.0
2024-01-01,56.46,72.0,27.0,100.0,4.0
2024-01-02,50.79,70.0,27.0,80.0,4.0
2024-01-03,48.31,60.0,27.0,80.0,4.0
2024-01-04,55.91,70.0,27.0,100.0,4.0
2024-01-05,53.1,60.0,27.0,100.0,4.0
2024-01-08,51.67,60.0,27.0,95.0,4.0
2024-01-09,48.78,60.0,27.0,95.0,7.0
2024-01-10,55.45,70.0,27.0,100.0,4.0
2024-01-11,56.85,75.0,27.0,100.0,4.0
2024-01-12,53.01,60.0,27.0,100.0,4.0
2024-01-15,44.8,60.0,27.0,80.0,7.0
2024-01-16,42.81,60.0,27.0,73.0,7.0
2024-01-17,40.04,60.0,27.0,63.0,7.0
2024-01-18,35.48,60.0,27.0,43.0,7.0
2024-01-19,43.26,70.0,27.0,63.0,7.0
2024-01-23,32.7,42.0,27.0,53.0,7.0
2024-01-24,33.15,42.0,27.0,53.0,7.0
2024-01-25,36.97,47.0,27.0,63.0,7.0
2024-01-29,31.96,43.0,27.0,35.0,4.0
2024-01-30,36.61,52.0,27.0,45.0,4.0
2024-01-31,32.01,42.0,27.0,35.0,4.0
2024-02-01,31.72,42.0,27.0,35.0,4.0
2024-02-02,25.7,33.0,27.0,20.0,4.0
2024-02-05,41.99,85.0,27.0,35.0,4.0
2024-02-06,47.88,80.0,27.0,63.0,4.0
2024-02-07,49.15,85.0,27.0,63.0,4.0
2024-02-08,52.76,75.0,27.0,88.0,4.0
2024-02-09,48.81,60.0,27.0,88.0,4.0
2024-02-12,32.68,60.0,27.0,45.0,9.0
2024-02-13,30.7,42.0,27.0,35.0,4.0
2024-02-14,37.37,70.0,27.0,45.0,7.0
2024-02-15,49.87,65.0,27.0,88.0,4.0
2024-02-16,42.04,60.0,27.0,73.0,7.0
2024-02-19,50.28,80.0,27.0,73.0,4.0
2024-02-20,45.25,70.0,27.0,63.0,4.0
2024-02-21,42.68,60.0,27.0,63.0,4.0
2024-02-22,45.21,70.0,27.0,63.0,4.0
2024-02-23,42.63,60.0,27.0,63.0,4.0
2024-02-26,34.25,27.0,27.0,63.0,4.0
2024-02-27,30.93,27.0,27.0,63.0,7.0
2024-02-28,27.96,23.0,27.0,45.0,4.0
2024-02-29,30.44,33.0,27.0,45.0,4.0
2024-03-01,33.14,37.0,27.0,63.0,7.0
2024-03-04,32.71,42.0,27.0,45.0,4.0
2024-03-05,24.91,23.0,27.0,45.0,7.0
2024-03-06,27.55,23.0,27.0,45.0,4.0
2024-03-07,19.45,28.0,27.0,20.0,7.0
2024-03-11,20.7,23.0,27.0,20.0,4.0
2024-03-12,20.36,23.0,27.0,20.0,4.0
2024-03-13,1.01,9.0,27.0,10.0,17.0
2024-03-14,5.74,18.0,27.0,10.0,15.0
2024-03-15,28.6,42.0,27.0,35.0,4.0
2024-03-18,20.27,23.0,27.0,20.0,4.0
2024-03-19,14.62,23.0,27.0,10.0,7.0
2024-03-20,17.1,33.0,27.0,10.0,7.0
2024-03-21,22.68,42.0,27.0,10.0,4.0
2024-03-22,21.12,32.0,27.0,25.0,7.0
2024-03-26,2.23,13.0,27.0,10.0,17.0
2024-03-27,20.41,33.0,27.0,10.0,4.0
2024-03-28,19.26,28.0,27.0,10.0,4.0
2024-04-01,14.75,37.0,25.0,10.0,11.0
2024-04-02,23.26,45.0,25.0,35.0,11.0
2024-04-03,35.68,85.0,25.0,43.0,11.0
2024-04-04,43.35,85.0,25.0,73.0,11.0
2024-04-05,43.92,80.0,25.0,80.0,11.0
2024-04-08,46.67,72.0,25.0,100.0,11.0
2024-04-09,44.05,62.0,25.0,100.0,11.0
2024-04-10,39.16,65.0,25.0,95.0,16.0
2024-04-12,50.34,85.0,25.0,100.0,11.0
2024-04-15,42.78,60.0,25.0,95.0,11.0
2024-04-16,45.35,70.0,25.0,95.0,11.0
2024-04-18,42.8,60.0,25.0,95.0,11.0
2024-04-19,44.09,65.0,25.0,95.0,11.0
2024-04-22,42.62,65.0,25.0,100.0,14.0
2024-04-23,49.65,80.0,25.0,100.0,11.0
2024-04-24,47.09,70.0,25.0,100.0,11.0
2024-04-25,36.32,60.0,25.0,80.0,14.0
2024-04-26,37.89,65.0,25.0,80.0,14.0
2024-04-29,47.49,72.0,25.0,100.0,11.0
2024-04-30,47.02,70.0,25.0,100.0,11.0
2024-05-02,49.34,80.0,25.0,100.0,11.0
2024-05-03,41.11,60.0,25.0,100.0,14.0
2024-05-06,38.31,50.0,25.0,100.0,14.0
2024-05-07,37.69,50.0,25.0,100.0,14.0
2024-05-08,40.49,60.0,25.0,100.0,14.0
2024-05-09,29.83,50.0,25.0,70.0,14.0
2024-05-10,27.56,50.0,25.0,60.0,14.0
2024-05-13,30.0,42.0,25.0,78.0,14.0
2024-05-14,25.74,42.0,25.0,60.0,14.0
2024-05-15,37.63,60.0,25.0,88.0,14.0
2024-05-16,30.51,50.0,25.0,70.0,14.0
2024-05-17,40.29,60.0,25.0,98.0,14.0
2024-05-21,28.05,42.0,25.0,88.0,19.0
2024-05-22,25.96,42.0,25.0,60.0,14.0
2024-05-23,20.83,38.0,25.0,45.0,14.0
2024-05-24,16.96,23.0,25.0,45.0,14.0
2024-05-27,10.46,23.0,25.0,20.0,14.0
2024-05-28,10.18,23.0,25.0,20.0,14.0
2024-05-29,11.72,28.0,25.0,20.0,14.0
2024-05-30,10.12,23.0,25.0,20.0,14.0
2024-05-31,14.43,28.0,25.0,20.0,11.0
2024-06-03,14.93,28.0,25.0,20.0,11.0
2024-06-04,15.15,33.0,25.0,20.0,11.0
2024-06-05,15.87,33.0,25.0,20.0,11.0
2024-06-06,20.13,33.0,25.0,35.0,11.0
2024-06-07,27.8,37.0,25.0,60.0,11.0
2024-06-10,39.4,70.0,25.0,70.0,11.0
2024-06-11,38.28,65.0,25.0,70.0,11.0
2024-06-12,34.57,50.0,25.0,70.0,11.0
2024-06-13,28.33,35.0,25.0,70.0,14.0
2024-06-14,26.45,27.0,25.0,70.0,14.0
2024-06-18,29.59,27.0,25.0,70.0,11.0
2024-06-19,26.4,27.0,25.0,70.0,14.0
2024-06-20,23.43,23.0,25.0,60.0,14.0
2024-06-21,26.11,23.0,25.0,60.0,11.0
2024-06-24,24.15,28.0,25.0,60.0,14.0
2024-06-25,26.61,23.0,25.0,63.0,11.0
2024-06-26,23.97,23.0,25.0,63.0,14.0
2024-06-27,12.94,23.0,25.0,20.0,14.0
2024-06-28,19.31,23.0,25.0,45.0,14.0
2024-07-01,20.23,23.0,25.0,35.0,11.0
2024-07-02,23.94,28.0,25.0,45.0,11.0
2024-07-03,22.27,28.0,25.0,38.0,11.0
2024-07-04,17.73,28.0,25.0,20.0,11.0
2024-07-05,14.94,28.0,25.0,10.0,11.0
2024-07-08,10.93,23.0,25.0,0.0,11.0
2024-07-09,10.79,23.0,25.0,0.0,11.0
2024-07-10,15.34,33.0,25.0,10.0,11.0
2024-07-11,11.63,28.0,25.0,0.0,11.0
2024-07-12,15.21,33.0,25.0,10.0,11.0
2024-07-15,9.74,23.0,25.0,10.0,14.0
2024-07-16,9.88,23.0,25.0,10.0,14.0
2024-07-18,10.07,23.0,25.0,0.0,11.0
2024-07-19,9.48,23.0,25.0,0.0,11.0
2024-07-22,12.46,33.0,25.0,0.0,11.0
2024-07-23,0.53,18.0,25.0,0.0,19.0
2024-07-24,0.0,4.0,25.0,0.0,19.0
2024-07-25,4.66,23.0,25.0,10.0,19.0
2024-07-26,3.94,18.0,25.0,10.0,19.0
2024-07-29,19.26,47.0,25.0,10.0,11.0
2024-07-30,28.4,75.0,25.0,18.0,11.0
2024-07-31,27.14,70.0,25.0,18.0,11.0
2024-08-01,20.45,45.0,25.0,18.0,11.0
2024-08-02,21.65,50.0,25.0,18.0,11.0
2024-08-05,34.54,62.0,25.0,60.0,11.0
2024-08-06,45.71,72.0,25.0,95.0,11.0
2024-08-07,40.18,62.0,25.0,80.0,11.0
2024-08-08,41.02,67.0,25.0,80.0,11.0
2024-08-09,40.11,62.0,25.0,80.0,11.0
2024-08-12,42.53,52.0,25.0,100.0,11.0
2024-08-13,42.15,57.0,25.0,95.0,11.0
2024-08-14,33.54,60.0,25.0,70.0,14.0
2024-08-16,42.3,57.0,25.0,95.0,11.0
2024-08-19,34.56,52.0,25.0,80.0,14.0
2024-08-20,42.69,52.0,25.0,100.0,11.0
2024-08-21,38.62,47.0,25.0,100.0,14.0
2024-08-22,42.06,60.0,25.0,100.0,14.0
2024-08-23,41.67,60.0,25.0,100.0,14.0
2024-08-26,41.78,60.0,25.0,100.0,14.0
2024-08-27,44.4,70.0,25.0,100.0,14.0
2024-08-28,41.64,60.0,25.0,100.0,14.0
2024-08-29,42.56,65.0,25.0,100.0,14.0
2024-08-30,41.56,60.0,25.0,100.0,14.0
2024-09-02,41.32,60.0,25.0,100.0,14.0
2024-09-03,43.0,65.0,25.0,100.0,14.0
2024-09-04,34.37,60.0,25.0,70.0,14.0
2024-09-05,36.72,70.0,25.0,70.0,14.0
2024-09-06,33.86,60.0,25.0,70.0,14.0
2024-09-09,22.78,42.0,25.0,45.0,14.0
2024-09-10,25.69,52.0,25.0,45.0,14.0
2024-09-11,22.78,42.0,25.0,45.0,14.0
2024-09-12,43.59,70.0,25.0,88.0,11.0
2024-09-13,38.22,65.0,25.0,70.0,11.0
2024-09-16,33.94,60.0,25.0,70.0,14.0
2024-09-17,39.24,70.0,25.0,70.0,11.0
2024-09-18,36.47,60.0,25.0,70.0,11.0
2024-09-19,40.91,80.0,25.0,70.0,11.0
2024-09-20,38.58,70.0,25.0,70.0,11.0
2024-09-23,28.76,42.0,25.0,70.0,14.0
2024-09-24,35.36,57.0,25.0,70.0,11.0
2024-09-25,26.79,33.0,25.0,60.0,11.0
2024-09-26,29.13,33.0,25.0,70.0,11.0
2024-09-27,29.33,33.0,25.0,70.0,11.0
2024-09-30,27.17,23.0,25.0,70.0,11.0
2024-10-01,28.01,37.0,25.0,70.0,14.0
2024-10-03,29.1,32.0,25.0,70.0,11.0
2024-10-04,23.57,23.0,25.0,70.0,14.0
2024-10-07,24.59,28.0,25.0,60.0,11.0
2024-10-08,28.19,37.0,25.0,63.0,11.0
2024-10-09,24.45,40.0,25.0,45.0,11.0
2024-10-10,41.78,80.0,25.0,73.0,11.0
2024-10-11,39.27,80.0,25.0,63.0,11.0
2024-10-14,30.9,65.0,25.0,45.0,11.0
2024-10-15,32.34,70.0,25.0,45.0,11.0
2024-10-16,27.67,50.0,25.0,45.0,11.0
2024-10-17,23.88,37.0,25.0,45.0,11.0
2024-10-18,21.93,28.0,25.0,45.0,11.0
2024-10-21,20.26,23.0,25.0,45.0,11.0
2024-10-22,19.52,23.0,25.0,45.0,11.0
2024-10-23,15.46,28.0,25.0,35.0,14.0
2024-10-24,17.01,23.0,25.0,35.0,11.0
2024-10-25,14.15,23.0,25.0,25.0,11.0
2024-10-28,16.96,33.0,25.0,25.0,11.0
2024-10-29,20.36,37.0,25.0,35.0,11.0
2024-10-30,22.77,45.0,25.0,35.0,11.0
2024-10-31,17.1,32.0,25.0,25.0,11.0
2024-11-01,16.05,45.0,25.0,18.0,14.0
2024-11-04,8.9,23.0,25.0,0.0,11.0
2024-11-05,10.85,32.0,25.0,10.0,14.0
2024-11-06,10.7,28.0,25.0,0.0,11.0
2024-11-07,14.14,42.0,25.0,0.0,11.0
2024-11-08,12.66,28.0,25.0,10.0,11.0
2024-11-11,13.65,33.0,25.0,10.0,11.0
2024-11-12,12.11,38.0,25.0,0.0,11.0
2024-11-13,0.0,13.0,25.0,0.0,19.0
2024-11-14,0.0,18.0,25.0,0.0,19.0
2024-11-18,2.3,33.0,25.0,0.0,19.0
2024-11-19,14.04,37.0,25.0,10.0,11.0
2024-11-21,21.0,47.0,25.0,28.0,11.0
2024-11-22,11.64,27.0,25.0,10.0,11.0
2024-11-25,8.89,27.0,25.0,10.0,14.0
2024-11-26,10.1,23.0,25.0,18.0,14.0
2024-11-27,0.0,8.0,25.0,10.0,22.0
2024-11-28,17.11,45.0,25.0,10.0,11.0
2024-11-29,9.48,27.0,25.0,10.0,14.0
2024-12-02,9.71,27.0,25.0,10.0,14.0
2024-12-03,14.13,32.0,25.0,10.0,11.0
2024-12-04,13.42,40.0,25.0,10.0,14.0
2024-12-05,16.09,40.0,25.0,10.0,11.0
2024-12-06,13.27,40.0,25.0,10.0,14.0
2024-12-09,12.98,27.0,25.0,10.0,11.0
2024-12-10,0.39,18.0,25.0,0.0,19.0
2024-12-11,0.0,22.0,25.0,0.0,22.0
2024-12-12,0.0,8.0,25.0,8.0,22.0
2024-12-13,0.0,8.0,25.0,18.0,22.0
2024-12-16,13.23,32.0,25.0,18.0,14.0
2024-12-17,0.06,12.0,25.0,18.0,22.0
2024-12-18,0.0,17.0,25.0,10.0,22.0
2024-12-19,3.63,23.0,25.0,10.0,19.0
2024-12-20,32.55,75.0,25.0,43.0,11.0
2024-12-23,31.19,70.0,25.0,43.0,11.0
2024-12-24,30.62,60.0,25.0,50.0,11.0
2024-12-26,11.4,37.0,25.0,18.0,16.0
2024-12-27,2.98,23.0,25.0,10.0,19.0
2024-12-30,0.0,17.0,25.0,10.0,22.0
2024-12-31,3.29,17.0,10.0,25.0,15.0
2025-01-01,3.39,17.0,10.0,25.0,15.0
2025-01-02,0.0,12.0,10.0,10.0,15.0
2025-01-03,0.0,17.0,10.0,10.0,15.0
2025-01-06,0.0,8.0,10.0,10.0,17.0
2025-01-07,0.0,13.0,10.0,10.0,15.0
2025-01-08,2.01,13.0,10.0,25.0,15.0
2025-01-09,0.0,8.0,10.0,10.0,15.0
2025-01-10,0.0,8.0,10.0,10.0,15.0
2025-01-13,0.0,4.0,10.0,0.0,17.0
2025-01-14,0.0,18.0,10.0,0.0,15.0
2025-01-15,0.0,18.0,10.0,10.0,15.0
2025-01-16,0.0,13.0,10.0,10.0,15.0
2025-01-17,0.0,13.0,10.0,10.0,15.0
2025-01-20,0.0,8.0,10.0,10.0,15.0
2025-01-21,11.16,37.0,10.0,25.0,12.0
2025-01-22,2.27,18.0,10.0,10.0,12.0
2025-01-23,8.54,27.0,10.0,25.0,12.0
2025-01-24,0.0,8.0,10.0,10.0,15.0
2025-01-27,0.0,13.0,10.0,0.0,17.0
2025-01-28,0.0,18.0,10.0,0.0,12.0
2025-01-29,1.02,22.0,10.0,0.0,12.0
2025-01-30,1.97,17.0,10.0,10.0,12.0
2025-01-31,0.0,12.0,10.0,0.0,15.0
2025-02-01,2.79,30.0,10.0,0.0,12.0
2025-02-03,0.0,12.0,10.0,0.0,12.0
2025-02-04,0.0,12.0,10.0,0.0,15.0
2025-02-05,5.12,30.0,10.0,8.0,12.0
2025-02-06,4.04,25.0,10.0,8.0,12.0
2025-02-07,1.99,12.0,10.0,25.0,15.0
2025-02-10,0.49,12.0,10.0,8.0,12.0
2025-02-11,0.0,18.0,10.0,0.0,12.0
2025-02-12,0.0,22.0,10.0,8.0,15.0
2025-02-13,0.0,8.0,10.0,0.0,15.0
2025-02-14,0.0,23.0,10.0,0.0,17.0
2025-02-17,0.62,23.0,10.0,0.0,12.0
2025-02-18,0.0,23.0,10.0,0.0,17.0
2025-02-19,3.21,33.0,10.0,0.0,12.0
2025-02-20,0.83,23.0,10.0,0.0,12.0
2025-02-21,0.0,18.0,10.0,0.0,12.0
2025-02-24,0.0,8.0,10.0,0.0,15.0
2025-02-25,0.0,13.0,10.0,0.0,15.0
2025-02-27,0.0,18.0,10.0,0.0,17.0
2025-02-28,0.0,18.0,10.0,0.0,12.0
2025-03-03,1.91,28.0,10.0,0.0,12.0
2025-03-04,0.0,18.0,10.0,0.0,15.0
2025-03-05,0.0,18.0,10.0,0.0,15.0
2025-03-06,2.86,30.0,10.0,0.0,12.0
2025-03-07,0.0,12.0,10.0,0.0,15.0
2025-03-10,0.0,12.0,10.0,0.0,15.0
2025-03-11,0.6,22.0,10.0,0.0,12.0
2025-03-12,0.0,13.0,10.0,0.0,12.0
2025-03-13,0.0,8.0,10.0,0.0,15.0
2025-03-17,0.0,8.0,10.0,0.0,15.0
2025-03-18,0.0,8.0,10.0,0.0,15.0
2025-03-19,0.0,22.0,10.0,0.0,15.0
2025-03-20,0.0,8.0,10.0,8.0,15.0
2025-03-21,0.0,17.0,10.0,0.0,15.0
2025-03-24,0.0,12.0,10.0,0.0,12.0
2025-03-25,0.0,8.0,10.0,0.0,12.0
2025-03-26,3.37,32.0,10.0,0.0,12.0
2025-03-27,0.05,18.0,10.0,0.0,12.0
2025-03-28,0.0,13.0,10.0,0.0,12.0
2025-04-01,0.0,13.0,22.0,8.0,32.0
2025-04-02,0.0,30.0,22.0,8.0,35.0
2025-04-03,0.0,35.0,22.0,25.0,32.0
2025-04-04,0.0,12.0,22.0,0.0,37.0
2025-04-07,0.0,8.0,22.0,0.0,32.0
2025-04-08,0.0,8.0,22.0,0.0,32.0
2025-04-09,0.0,8.0,22.0,0.0,32.0
2025-04-11,0.0,13.0,22.0,0.0,32.0
2025-04-15,0.0,27.0,22.0,0.0,32.0
2025-04-16,0.0,35.0,22.0,8.0,32.0
2025-04-17,0.0,50.0,22.0,8.0,32.0
2025-04-21,0.0,35.0,22.0,8.0,32.0
2025-04-22,2.27,60.0,22.0,25.0,32.0
2025-04-23,0.0,45.0,22.0,25.0,32.0
2025-04-24,0.0,35.0,22.0,8.0,32.0
2025-04-25,0.0,35.0,22.0,8.0,35.0
2025-04-28,0.0,45.0,22.0,25.0,32.0
2025-04-29,0.0,35.0,22.0,8.0,32.0
2025-04-30,0.0,27.0,22.0,8.0,35.0
2025-05-02,0.0,27.0,22.0,8.0,35.0
2025-05-05,0.0,40.0,22.0,8.0,35.0
2025-05-06,0.0,13.0,22.0,0.0,37.0
2025-05-07,0.0,18.0,22.0,0.0,35.0
2025-05-08,0.0,8.0,22.0,0.0,32.0
2025-05-09,0.0,8.0,22.0,0.0,32.0
2025-05-12,0.0,37.0,22.0,8.0,32.0
2025-05-13,0.0,45.0,22.0,15.0,32.0
2025-05-14,0.0,35.0,22.0,8.0,35.0
2025-05-15,0.0,55.0,22.0,15.0,32.0
2025-05-16,0.0,45.0,22.0,8.0,32.0
2025-05-19,1.01,60.0,22.0,18.0,32.0
2025-05-20,0.0,35.0,22.0,8.0,32.0
2025-05-21,0.0,40.0,22.0,0.0,32.0
2025-05-22,0.0,35.0,22.0,10.0,32.0
2025-05-23,0.0,55.0,22.0,18.0,32.0
2025-05-26,0.0,35.0,22.0,18.0,35.0
2025-05-27,0.0,40.0,22.0,18.0,35.0
2025-05-28,0.0,35.0,22.0,18.0,32.0
2025-05-29,0.0,40.0,22.0,18.0,35.0
2025-05-30,0.0,40.0,22.0,28.0,32.0
2025-06-02,0.0,35.0,22.0,18.0,35.0
2025-06-03,0.0,35.0,22.0,35.0,35.0
2025-06-04,0.0,40.0,22.0,35.0,35.0
2025-06-05,0.81,40.0,22.0,35.0,32.0
2025-06-06,8.22,60.0,22.0,45.0,32.0
2025-06-09,8.83,47.0,22.0,60.0,32.0
2025-06-10,2.94,50.0,22.0,35.0,32.0
2025-06-11,0.0,35.0,22.0,35.0,32.0
2025-06-12,0.18,40.0,22.0,35.0,32.0
2025-06-13,0.0,35.0,22.0,35.0,35.0
2025-06-16,0.0,35.0,22.0,38.0,35.0
2025-06-17,1.48,40.0,22.0,53.0,35.0
2025-06-18,0.23,35.0,22.0,53.0,35.0
2025-06-19,21.43,70.0,22.0,60.0,24.0
2025-06-20,11.88,50.0,22.0,53.0,27.0
2025-06-23,0.04,35.0,22.0,53.0,35.0
2025-06-24,0.67,35.0,22.0,43.0,32.0
2025-06-25,0.0,35.0,22.0,43.0,35.0
2025-06-26,21.0,65.0,22.0,60.0,24.0
2025-06-27,15.87,55.0,22.0,60.0,27.0
2025-06-30,35.67,70.0,20.0,60.0,9.0
2025-07-01,27.46,50.0,20.0,60.0,12.0
2025-07-02,30.33,50.0,20.0,60.0,9.0
2025-07-03,28.49,55.0,20.0,60.0,12.0
2025-07-04,10.47,45.0,20.0,18.0,17.0
2025-07-07,22.18,55.0,20.0,35.0,12.0
2025-07-08,18.29,55.0,20.0,20.0,12.0
2025-07-09,13.29,40.0,20.0,35.0,17.0
2025-07-10,10.03,27.0,20.0,35.0,17.0
2025-07-11,10.19,28.0,20.0,35.0,17.0
2025-07-14,33.38,60.0,20.0,63.0,9.0
2025-07-15,6.88,27.0,20.0,20.0,17.0
2025-07-16,8.28,32.0,20.0,20.0,17.0
2025-07-17,22.02,55.0,20.0,20.0,9.0
2025-07-18,20.61,50.0,20.0,20.0,9.0
2025-07-21,3.62,27.0,20.0,20.0,20.0
2025-07-22,4.14,17.0,20.0,20.0,17.0
2025-07-23,0.0,17.0,20.0,10.0,20.0
2025-07-24,1.89,8.0,20.0,20.0,17.0
2025-07-25,0.0,8.0,20.0,10.0,17.0
2025-07-28,32.51,75.0,20.0,45.0,9.0
2025-07-29,32.55,55.0,20.0,63.0,9.0
2025-07-30,38.91,70.0,20.0,73.0,9.0
2025-07-31,28.3,50.0,20.0,63.0,12.0
2025-08-01,30.35,50.0,20.0,73.0,12.0
2025-08-04,21.2,42.0,20.0,45.0,12.0
2025-08-05,2.97,12.0,20.0,35.0,20.0
2025-08-06,15.64,32.0,20.0,35.0,12.0
2025-08-07,18.82,27.0,20.0,53.0,12.0
2025-08-08,0.0,8.0,20.0,25.0,20.0
2025-08-11,0.0,8.0,20.0,10.0,20.0
2025-08-12,0.0,13.0,20.0,10.0,20.0
2025-08-13,0.0,13.0,20.0,10.0,20.0
2025-08-14,0.0,17.0,20.0,20.0,20.0
2025-08-18,0.0,8.0,20.0,10.0,20.0
2025-08-19,0.02,17.0,20.0,20.0,20.0
2025-08-20,0.0,8.0,20.0,20.0,20.0
2025-08-21,0.0,8.0,20.0,20.0,20.0
2025-08-22,0.0,13.0,20.0,20.0,20.0
2025-08-25,0.0,8.0,20.0,20.0,20.0
2025-08-26,0.36,8.0,20.0,20.0,17.0
2025-08-28,0.0,13.0,20.0,20.0,20.0
2025-08-29,0.0,17.0,20.0,20.0,20.0
2025-09-01,0.0,8.0,20.0,20.0,20.0
2025-09-02,0.0,8.0,20.0,20.0,20.0
2025-09-03,0.0,8.0,20.0,20.0,20.0
2025-09-04,27.79,65.0,20.0,38.0,9.0
2025-09-05,0.7,17.0,20.0,10.0,17.0
2025-09-08,0.71,17.0,20.0,10.0,17.0
2025-09-09,0.0,12.0,20.0,10.0,17.0
2025-09-10,17.69,45.0,20.0,18.0,9.0
2025-09-11,22.8,65.0,20.0,18.0,9.0
2025-09-12,12.15,35.0,20.0,18.0,12.0
2025-09-15,15.27,35.0,20.0,18.0,9.0
2025-09-16,17.57,55.0,20.0,18.0,12.0
2025-09-17,23.35,65.0,20.0,18.0,9.0
2025-09-18,23.07,65.0,20.0,18.0,9.0
2025-09-19,19.31,50.0,20.0,18.0,9.0
2025-09-22,29.17,70.0,20.0,38.0,9.0
2025-09-23,31.39,70.0,20.0,48.0,9.0
2025-09-24,25.27,65.0,20.0,28.0,9.0
2025-09-25,22.6,50.0,20.0,33.0,9.0
2025-09-26,14.1,33.0,20.0,18.0,9.0
2025-09-29,13.77,32.0,20.0,18.0,9.0
2025-09-30,36.61,55.0,30.0,33.0,0.0
2025-10-01,40.29,60.0,30.0,43.0,0.0
2025-10-03,39.19,60.0,30.0,38.0,0.0
2025-10-06,32.69,55.0,30.0,18.0,0.0
2025-10-07,34.81,55.0,30.0,38.0,3.0
2025-10-08,31.42,50.0,30.0,18.0,0.0
2025-10-09,26.33,42.0,30.0,18.0,3.0
2025-10-10,37.66,55.0,30.0,38.0,0.0
2025-10-13,20.3,27.0,30.0,10.0,3.0
2025-10-14,21.97,23.0,30.0,10.0,0.0
2025-10-15,29.47,52.0,30.0,10.0,0.0
2025-10-16,28.32,47.0,30.0,10.0,0.0
2025-10-17,22.9,27.0,30.0,10.0,0.0
2025-10-20,18.94,23.0,30.0,10.0,3.0
2025-10-21,20.42,28.0,30.0,10.0,3.0
2025-10-23,30.67,47.0,30.0,20.0,0.0
2025-10-24,30.65,47.0,30.0,20.0,0.0
2025-10-27,26.65,42.0,30.0,20.0,3.0
2025-10-28,28.03,37.0,30.0,18.0,0.0
2025-10-29,21.88,32.0,30.0,10.0,3.0
2025-10-30,26.05,37.0,30.0,10.0,0.0
2025-10-31,26.17,38.0,30.0,10.0,0.0
2025-11-03,14.74,23.0,30.0,10.0,8.0
2025-11-04,10.7,8.0,30.0,10.0,8.0
2025-11-06,12.96,18.0,30.0,10.0,8.0
2025-11-07,13.3,18.0,30.0,10.0,8.0
2025-11-10,11.69,13.0,30.0,10.0,8.0
2025-11-11,8.71,13.0,30.0,10.0,11.0
2025-11-12,29.81,52.0,30.0,10.0,0.0
2025-11-13,13.34,18.0,30.0,10.0,8.0
2025-11-14,7.59,8.0,30.0,10.0,11.0
2025-11-17,8.21,8.0,30.0,0.0,8.0
2025-11-18,8.1,8.0,30.0,0.0,8.0
2025-11-19,11.84,23.0,30.0,0.0,8.0
2025-11-20,6.42,13.0,30.0,0.0,11.0
2025-11-21,6.08,13.0,30.0,0.0,11.0
2025-11-24,7.73,8.0,30.0,0.0,8.0
2025-11-25,6.85,4.0,30.0,0.0,8.0
2025-11-26,5.34,9.0,30.0,0.0,11.0
2025-11-27,6.25,13.0,30.0,0.0,11.0
2025-11-28,6.19,13.0,30.0,0.0,11.0
2025-12-01,6.07,13.0,30.0,0.0,11.0
2025-12-02,4.64,8.0,30.0,0.0,11.0
2025-12-03,4.56,8.0,30.0,0.0,11.0
2025-12-04,7.09,18.0,30.0,0.0,11.0
2025-12-05,7.52,8.0,30.0,0.0,8.0
2025-12-08,7.28,8.0,30.0,0.0,8.0
2025-12-09,10.19,18.0,30.0,0.0,8.0
2025-12-10,11.03,22.0,30.0,0.0,8.0
2025-12-11,10.04,18.0,30.0,0.0,8.0
2025-12-12,13.82,32.0,30.0,0.0,8.0
2025-12-15,17.01,45.0,30.0,0.0,8.0
2025-12-16,13.97,25.0,30.0,8.0,8.0
2025-12-17,12.27,27.0,30.0,0.0,8.0
2025-12-18,7.55,8.0,30.0,0.0,8.0
2025-12-19,11.24,22.0,30.0,0.0,8.0
2025-12-22,10.42,17.0,30.0,0.0,8.0
2025-12-23,11.19,12.0,30.0,8.0,8.0
2025-12-24,10.3,17.0,30.0,0.0,8.0
2025-12-26,9.17,13.0,30.0,0.0,8.0
2025-12-29,11.73,23.0,30.0,0.0,8.0
2025-12-30,4.88,8.0,30.0,0.0,11.0
2025-12-31,0.0,13.0,10.0,0.0,22.0
2026-01-01,0.0,17.0,10.0,8.0,19.0
2026-01-02,0.0,13.0,10.0,0.0,19.0
2026-01-05,0.0,8.0,10.0,8.0,19.0
2026-01-06,0.0,30.0,10.0,8.0,19.0
2026-01-07,0.0,12.0,10.0,8.0,22.0
2026-01-08,0.0,8.0,10.0,0.0,22.0
2026-01-09,0.0,8.0,10.0,0.0,19.0
2026-01-12,0.0,13.0,10.0,0.0,22.0
2026-01-13,0.0,8.0,10.0,0.0,22.0
2026-01-14,0.0,13.0,10.0,0.0,22.0
2026-01-15,0.0,8.0,10.0,0.0,22.0
2026-01-16,0.0,8.0,10.0,0.0,22.0
2026-01-19,0.0,8.0,10.0,0.0,22.0
2026-01-20,0.0,13.0,10.0,0.0,19.0
2026-01-21,0.0,13.0,10.0,0.0,19.0
2026-01-22,0.0,8.0,10.0,0.0,22.0
2026-01-23,0.0,28.0,10.0,0.0,19.0
2026-01-27,0.0,8.0,10.0,0.0,19.0
2026-01-28,0.0,8.0,10.0,0.0,22.0
2026-01-29,4.41,60.0,10.0,8.0,19.0
2026-01-30,0.0,27.0,10.0,0.0,19.0
2026-02-02,0.0,8.0,10.0,0.0,19.0
2026-02-03,5.11,60.0,10.0,8.0,19.0
2026-02-04,5.05,60.0,10.0,8.0,19.0
2026-02-05,0.0,40.0,10.0,8.0,19.0
2026-02-06,0.0,35.0,10.0,8.0,22.0
2026-02-09,5.58,50.0,10.0,18.0,19.0
2026-02-10,0.0,35.0,10.0,8.0,22.0
2026-02-11,0.0,12.0,10.0,8.0,19.0
2026-02-12,0.0,12.0,10.0,8.0,22.0
2026-02-13,0.0,12.0,10.0,8.0,22.0
2026-02-16,0.0,17.0,10.0,8.0,19.0
2026-02-17,0.0,12.0,10.0,8.0,22.0
2026-02-18,0.0,8.0,10.0,8.0,19.0
2026-02-19,0.0,13.0,10.0,8.0,22.0
2026-02-20,0.0,8.0,10.0,8.0,19.0
2026-02-23,0.0,13.0,10.0,0.0,22.0
2026-02-24,0.0,8.0,10.0,0.0,22.0
2026-02-25,0.0,8.0,10.0,0.0,19.0
2026-02-26,0.0,8.0,10.0,0.0,22.0
2026-02-27,0.0,18.0,10.0,0.0,19.0
2026-03-02,0.0,8.0,10.0,0.0,19.0
2026-03-04,0.0,23.0,10.0,0.0,19.0
2026-03-05,0.0,13.0,10.0,0.0,22.0
2026-03-06,0.0,28.0,10.0,0.0,19.0
2026-03-09,0.0,19.0,10.0,0.0,24.0
2026-03-10,0.0,18.0,10.0,0.0,19.0
2026-03-11,0.0,8.0,10.0,0.0,22.0
2026-03-12,0.0,23.0,10.0,0.0,19.0
2026-03-13,0.0,23.0,10.0,0.0,19.0
2026-03-16,0.0,23.0,10.0,0.0,19.0
2026-03-17,0.0,18.0,10.0,0.0,19.0
2026-03-18,0.0,33.0,10.0,0.0,19.0
2026-03-19,0.0,18.0,10.0,0.0,19.0
2026-03-20,0.0,18.0,10.0,0.0,19.0
2026-03-23,0.0,8.0,10.0,0.0,19.0
2026-03-24,0.0,13.0,10.0,0.0,19.0
2026-03-25,0.0,18.0,10.0,0.0,19.0
2026-03-27,0.0,8.0,10.0,0.0,19.0
2026-03-30,0.0,9.0,10.0,0.0,24.0
2026-04-01,18.52,18.0,49.0,0.0,8.0
2026-04-02,15.78,8.0,49.0,0.0,8.0
2026-04-06,18.43,18.0,49.0,0.0,8.0
2026-04-07,16.51,22.0,49.0,0.0,11.0
2026-04-08,19.43,30.0,49.0,0.0,11.0
2026-04-09,30.53,45.0,49.0,18.0,8.0
2026-04-10,20.12,20.0,49.0,0.0,8.0
2026-04-13,25.14,45.0,49.0,8.0,11.0
2026-04-15,30.05,45.0,49.0,25.0,11.0
2026-04-16,27.62,35.0,49.0,25.0,11.0
2026-04-17,22.79,20.0,49.0,8.0,8.0
2026-04-20,26.25,25.0,49.0,18.0,8.0
2026-04-21,35.69,55.0,49.0,25.0,8.0
2026-04-22,29.17,40.0,49.0,25.0,11.0
2026-04-23,27.92,35.0,49.0,25.0,11.0
2026-04-24,20.09,12.0,49.0,25.0,13.0
2026-04-27,30.97,45.0,49.0,25.0,11.0
2026-04-28,37.45,60.0,49.0,25.0,8.0
2026-04-29,39.95,60.0,49.0,35.0,8.0
2026-04-30,30.77,35.0,49.0,35.0,11.0
2026-05-01,30.54,35.0,49.0,35.0,11.0
2026-05-04,32.12,40.0,49.0,35.0,11.0
2026-05-05,29.34,40.0,49.0,25.0,11.0
2026-05-06,31.55,35.0,49.0,25.0,8.0
2026-05-07,41.58,50.0,49.0,50.0,8.0
2026-05-08,36.33,45.0,49.0,35.0,8.0
2026-05-11,28.16,35.0,49.0,25.0,11.0
2026-05-12,30.57,35.0,49.0,25.0,8.0
2026-05-13,27.14,40.0,49.0,18.0,11.0
2026-05-14,26.45,35.0,49.0,8.0,8.0
2026-05-15,23.24,35.0,49.0,8.0,11.0
2026-05-18,23.49,27.0,49.0,18.0,11.0
2026-05-19,24.9,32.0,49.0,18.0,11.0
2026-05-20,20.07,32.0,49.0,0.0,11.0
2026-05-21,21.0,23.0,49.0,0.0,8.0
2026-05-22,18.09,23.0,49.0,0.0,11.0
2026-05-25,29.36,37.0,49.0,18.0,8.0
2026-05-26,31.29,45.0,49.0,18.0,8.0
2026-05-27,26.9,37.0,49.0,8.0,8.0
2026-05-28,19.16,27.0,49.0,0.0,11.0
2026-05-29,23.54,32.0,49.0,0.0,8.0
2026-06-01,16.91,8.0,49.0,0.0,8.0
2026-06-02,15.5,13.0,49.0,0.0,11.0
2026-06-03,17.02,8.0,49.0,0.0,8.0
2026-06-04,19.79,18.0,49.0,0.0,8.0
2026-06-05,18.1,13.0,49.0,10.0,11.0
2026-06-08,14.95,13.0,49.0,0.0,11.0
2026-06-09,16.73,17.0,49.0,0.0,11.0
2026-06-10,25.48,17.0,49.0,25.0,8.0
2026-06-11,32.12,60.0,49.0,10.0,8.0
2026-06-12,34.13,50.0,49.0,25.0,8.0
2026-06-15,29.76,35.0,49.0,33.0,11.0
2026-06-16,28.86,35.0,49.0,18.0,8.0
2026-06-17,35.17,45.0,49.0,33.0,8.0
2026-06-18,32.48,35.0,49.0,33.0,8.0
2026-06-19,29.52,35.0,49.0,33.0,11.0
2026-06-22,31.02,40.0,49.0,33.0,11.0
2026-06-23,26.89,20.0,49.0,25.0,8.0
2026-06-24,21.81,12.0,49.0,25.0,11.0
2026-06-25,21.41,12.0,49.0,25.0,11.0
2026-06-26,19.44,12.0,49.0,18.0,11.0
2026-06-29,24.82,17.0,49.0,33.0,11.0
2026-06-30,33.52,45.0,49.0,43.0,11.0
2026-07-01,24.62,20.0,49.0,33.0,11.0
2026-07-02,22.17,12.0,49.0,18.0,8.0
2026-07-03,20.52,17.0,49.0,18.0,11.0
2026-07-06,26.03,40.0,49.0,18.0,11.0
2026-07-07,21.55,12.0,49.0,18.0,8.0
2026-07-08,16.97,17.0,49.0,8.0,11.0
2026-07-09,21.04,17.0,49.0,10.0,8.0
2026-07-10,31.72,60.0,49.0,10.0,8.0
2026-07-13,14.16,12.0,49.0,0.0,11.0
2026-07-14,33.45,60.0,49.0,18.0,8.0
2026-07-15,27.98,45.0,49.0,10.0,8.0
2026-07-16,23.55,27.0,49.0,10.0,8.0
2026-07-17,16.83,12.0,49.0,0.0,8.0
2026-07-20,27.62,55.0,49.0,0.0,8.0
2026-07-21,16.55,12.0,49.0,10.0,11.0
2026-07-22,18.34,8.0,49.0,10.0,8.0
2026-07-23,29.6,45.0,49.0,18.0,8.0
2026-07-24,29.67,45.0,49.0,18.0,8.0
2026-07-27,27.57,45.0,49.0,8.0,8.0
2026-07-28,25.78,40.0,49.0,8.0,8.0
2026-07-29,25.72,40.0,49.0,18.0,11.0
2026-07-30,22.4,27.0,49.0,8.0,8.0
2026-07-31,20.85,32.0,49.0,8.0,11.0
2026-08-03,21.13,40.0,49.0,0.0,11.0
2026-08-04,24.42,32.0,49.0,8.0,8.0
2026-08-05,19.61,12.0,49.0,8.0,8.0
2026-08-06,31.46,60.0,49.0,8.0,8.0
2026-08-07,48.07,75.0,49.0,28.0,0.0
2026-08-10,51.35,62.0,49.0,55.0,0.0
2026-08-11,47.29,65.0,49.0,35.0,0.0
2026-08-12,49.05,50.0,49.0,70.0,3.0
2026-08-13,53.31,55.0,49.0,70.0,0.0
2026-08-14,50.45,55.0,49.0,70.0,3.0
2026-08-17,57.72,47.0,49.0,95.0,0.0
2026-08-18,55.5,50.0,49.0,95.0,3.0
2026-08-19,53.79,42.0,49.0,85.0,0.0
2026-08-20,52.76,50.0,49.0,85.0,3.0
2026-08-21,57.7,47.0,49.0,95.0,0.0
2026-08-24,62.73,62.0,49.0,100.0,0.0
2026-08-25,62.83,62.0,49.0,100.0,0.0
2026-08-26,56.76,37.0,49.0,100.0,0.0
2026-08-27,56.13,60.0,49.0,95.0,5.0
2026-08-28,56.28,60.0,49.0,95.0,5.0
2026-08-31,61.17,60.0,49.0,95.0,0.0
2026-09-01,58.01,55.0,49.0,100.0,3.0
